"CHART","VAR","SEXF","HTCMGRP","L","M","S","P3","P5","P10","P25","P50","P75","P90","P95","P97"
"CDC","HTWT",0,"[45,45]",1.44903689,2.289757735,0.149236691,1.597028518,1.690593749,1.830303285,2.053702326,2.289757735,2.515338948,2.710846705,2.824861387,2.89780918
"CDC","HTWT",0,"(45,46)",1.31794165,2.38617219,0.144790131,1.702957417,1.792954672,1.928805392,2.149314246,2.38617219,2.615766477,2.817044967,2.935328776,3.011338317
"CDC","HTWT",0,"[46,47)",1.041730589,2.587097922,0.1365472,1.918742401,2.00306056,2.132607345,2.34835311,2.587097922,2.824925474,3.038262787,3.165635227,3.248240003
"CDC","HTWT",0,"[47,48)",0.756615683,2.797952593,0.129156077,2.139283471,2.219514291,2.344442385,2.556834051,2.797952593,3.044241159,3.270147404,3.407200737,3.49693518
"CDC","HTWT",0,"[48,49)",0.472617587,3.017679791,0.122589498,2.364025965,2.441421905,2.563170915,2.773593907,3.017679791,3.272646214,3.511467362,3.65864093,3.755928383
"CDC","HTWT",0,"[49,50)",0.197455933,3.245225583,0.116802688,2.59243106,2.667982282,2.78776291,2.997514515,3.245225583,3.509103506,3.761071952,3.918675144,4.023835077
"CDC","HTWT",0,"[50,51)",-0.063272822,3.479567767,0.111734963,2.823966844,2.89846365,3.017289051,3.227549277,3.479567767,3.752613117,4.01788174,4.18611338,4.299368538
"CDC","HTWT",0,"[51,52)",-0.305663778,3.719739648,0.107316407,3.058104103,3.132186651,3.250908274,3.462735881,3.719739648,4.002224198,4.280884515,4.459845507,4.581326217
"CDC","HTWT",0,"[52,53)",-0.527210764,3.964838222,0.10347453,3.294322225,3.368517223,3.487856107,3.702195087,3.964838222,4.257039544,4.549132322,4.738836361,4.868585555
"CDC","HTWT",0,"[53,54)",-0.726356263,4.214033476,0.100139369,3.532109837,3.606859589,3.727435106,3.94512977,4.214033476,4.516224426,4.821741654,5.022119957,5.160094928
"CDC","HTWT",0,"[54,55)",-0.902380499,4.466562625,0.097246097,3.770975175,3.846657516,3.969008144,4.190815779,4.466562625,4.779002851,5.097890522,5.308799266,5.454877316
"CDC","HTWT",0,"[55,56)",-1.055126826,4.721730669,0.09473644,4.010448329,4.087392272,4.211993219,4.43859789,4.721730669,5.044659815,5.376817878,5.598043337,5.752026649
"CDC","HTWT",0,"[56,57)",-1.184933443,4.978903744,0.092558749,4.250088071,4.328584525,4.455860069,4.687882702,4.978903744,5.312536448,5.65782066,5.889087035,6.050711037
"CDC","HTWT",0,"[57,58)",-1.292531809,5.237504753,0.09066765,4.489485537,4.569794994,4.700127546,4.938133749,5.237504753,5.582026947,5.940251499,6.181229894,6.350173518
"CDC","HTWT",0,"[58,59)",-1.378973111,5.497008915,0.089023438,4.728267233,4.810625098,4.94436155,5.188867126,5.497008915,5.85257519,6.22351642,6.473835067,6.649732739
"CDC","HTWT",0,"[59,60)",-1.445563111,5.756939907,0.087591418,4.966096999,5.050717205,5.188173227,5.439647821,5.756939907,6.123671792,6.507072866,6.766328167,6.94878282
"CDC","HTWT",0,"[60,61)",-1.49380121,6.016866693,0.086341291,5.202677038,5.289754427,5.431217262,5.690086611,6.016866693,6.394851791,6.790428163,7.058196003,7.246792315
"CDC","HTWT",0,"[61,62)",-1.525332827,6.276400575,0.085246598,5.437748497,5.527460202,5.673190232,5.939837222,6.276400575,6.66569255,7.073138226,7.348985362,7.543302768
"CDC","HTWT",0,"[62,63)",-1.541839648,6.535195541,0.084284401,5.671089001,5.763595946,5.91382859,6.18859526,6.535195541,6.935815081,7.354807872,7.638300762,7.837923511
"CDC","HTWT",0,"[63,64)",-1.545098045,6.792942366,0.083434649,5.902515543,5.997962236,6.152907479,6.436093976,6.792942366,7.204878803,7.635088323,7.925804423,8.130333399
"CDC","HTWT",0,"[64,65)",-1.536863318,7.049370425,0.08268004,6.131880558,6.230395557,6.390238592,6.682104069,7.049370425,7.472584314,7.9136782,8.211213607,8.420274027
"CDC","HTWT",0,"[65,66)",-1.518786093,7.304248994,0.082005843,6.359068402,6.460765369,6.625668165,6.926433317,7.304248994,7.738675499,8.190324128,8.494298133,8.707543698
"CDC","HTWT",0,"[66,67)",-1.49249029,7.557381995,0.081399411,6.583997561,6.688974915,6.859075839,7.168922842,7.557381995,8.002934684,8.46481824,8.774880112,8.991998822
"CDC","HTWT",0,"[67,68)",-1.459487925,7.808610136,0.080850107,6.806616368,6.914957848,7.090372671,7.409447317,7.808610136,8.26518536,8.736998815,9.052831095,9.27354736
"CDC","HTWT",0,"[68,69)",-1.421167427,8.057810266,0.08034908,7.026901165,7.138676485,7.319499566,7.647913807,8.057810266,8.525291839,9.006749431,9.328070124,9.552145587
"CDC","HTWT",0,"[69,70)",-1.378835366,8.304892397,0.079888977,7.244856495,7.360121388,7.54642602,7.884259416,8.304892397,8.783156413,9.273996989,9.600562566,9.827797569
"CDC","HTWT",0,"[70,71)",-1.333634661,8.549802669,0.079463915,7.460510099,7.579307642,7.771148283,8.118452209,8.549802669,9.038722435,9.53871203,9.870316803,10.10054839
"CDC","HTWT",0,"[71,72)",-1.286605147,8.792519752,0.079069193,7.67391364,7.796274848,7.993688292,8.350488663,8.792519752,9.291970609,9.800906186,10.13738322,10.37048464
"CDC","HTWT",0,"[72,73)",-1.238665517,9.033054944,0.07870118,7.885140184,8.011085035,8.214092237,8.580393153,9.033054944,9.542918966,10.06063106,10.40185184,10.63773097
"CDC","HTWT",0,"[73,74)",-1.19066716,9.271448675,0.078357096,8.094284811,8.223822595,8.432429492,8.808215482,9.271448675,9.791619211,10.31797568,10.66385133,10.90245061
"CDC","HTWT",0,"[74,75)",-1.143316882,9.507773605,0.078035021,8.301459453,8.434590571,8.648791006,9.034032141,9.507773605,10.03815952,10.57306631,10.92354547,11.16483888
"CDC","HTWT",0,"[75,76)",-1.097263403,9.742129356,0.077733651,8.506795026,8.643511567,8.863288423,9.257942887,9.742129356,10.28265908,10.82606321,11.18113275,11.42512564
"CDC","HTWT",0,"[76,77)",-1.053083813,9.974642178,0.077452242,8.710439238,8.850725924,9.076052776,9.480070094,9.974642178,10.52526749,11.07715916,11.43684424,11.68357247
"CDC","HTWT",0,"[77,78)",-1.011294273,10.20546331,0.077190512,8.912555531,9.056390619,9.287233301,9.700557381,10.20546331,10.76616287,11.32657755,11.69094178,11.94047127
"CDC","HTWT",0,"[78,79)",-0.972360231,10.43476723,0.076948562,9.113322086,9.260678201,9.496996252,9.91956818,10.43476723,11.00554988,11.57457043,11.94371638,12.19614287
"CDC","HTWT",0,"[79,80)",-0.936705887,10.66274993,0.076726804,9.312930869,9.463775754,9.705523721,10.13728428,10.66274993,11.24365775,11.8214166,12.19548652,12.45093578
"CDC","HTWT",0,"[80,81)",-0.904722736,10.88962699,0.076525901,9.511586717,9.665883884,9.913012453,10.35390433,10.88962699,11.48073815,12.06741962,12.44659654,12.70522492
"CDC","HTWT",0,"[81,82)",-0.876777097,11.11563177,0.076346711,9.709506461,9.867215725,10.11967266,10.5696423,11.11563177,11.71706321,12.31290587,12.69741505,12.9594104
"CDC","HTWT",0,"[82,83)",-0.853216568,11.34101346,0.076190236,9.90691806,10.06799596,10.32572684,10.78472594,11.34101346,11.95292329,12.55822265,12.94833337,13.21391629
"CDC","HTWT",0,"[83,84)",-0.834375406,11.56603512,0.076057579,10.10405976,10.26845983,10.53140858,10.99939524,11.56603512,12.18862496,12.8037362,13.19976391,13.46918953
"CDC","HTWT",0,"[84,85)",-0.820578855,11.79097176,0.075949901,10.30117927,10.46885221,10.73696139,11.21390081,11.79097176,12.42448873,13.04982974,13.45213869,13.7256987
"CDC","HTWT",0,"[85,86)",-0.81214646,12.01610828,0.075868383,10.49853295,10.66942663,10.94263752,11.42850232,12.01610828,12.66084697,13.29690152,13.70590772,13.98393299
"CDC","HTWT",0,"[86,87)",-0.809394398,12.24173753,0.075814185,10.69638497,10.87044435,11.14869679,11.64346692,12.24173753,12.89804158,13.5453628,13.96153752,14.24440109
"CDC","HTWT",0,"[87,88)",-0.812636889,12.46815824,0.075788413,10.89500657,11.07217344,11.35540546,11.85906768,12.46815824,13.13642183,13.79563586,14.21950956,14.50763019
"CDC","HTWT",0,"[88,89)",-0.822186712,12.69567298,0.075792075,11.0946752,11.27488782,11.56303507,12.07558197,12.69567298,13.37634196,14.04815191,14.48031873,14.77416503
"CDC","HTWT",0,"[89,90)",-0.838354876,12.92458613,0.075826044,11.29567376,11.47886643,11.77186133,12.29328999,12.92458613,13.6181589,14.30334895,14.74447181,15.044567
"CDC","HTWT",0,"[90,91)",-0.861449493,13.15520182,0.075891019,11.49828978,11.68439228,11.98216306,12.51247319,13.15520182,13.86222981,14.56166964,15.01248591,15.31941326
"CDC","HTWT",0,"[91,92)",-0.891773904,13.38782185,0.075987476,11.70281463,11.89175157,12.19422113,12.73341284,13.38782185,14.10890963,14.82355899,15.28488689,15.59929608
"CDC","HTWT",0,"[92,93)",-0.929617736,13.6227442,0.076115636,11.90954225,12.10123261,12.4083174,12.95638887,13.6227442,14.35854899,15.08946216,15.5622076,15.88482163
"CDC","HTWT",0,"[93,94)",-0.975268944,13.86025986,0.076275395,12.1187693,12.31312548,12.62473383,13.18167788,13.86025986,14.61149059,15.35982164,15.84498667,16.17661055
"CDC","HTWT",0,"[94,95)",-1.028990493,14.10065234,0.076466299,12.33079298,12.52772045,12.84375146,13.40955269,14.10065234,14.86806787,15.63507513,16.13376622,16.47529604
"CDC","HTWT",0,"[95,96)",-1.091024455,14.34419522,0.076687482,12.54591071,12.74530738,13.06564953,13.64028082,14.34419522,15.12860179,15.91565257,16.42909034,16.78152407
"CDC","HTWT",0,"[96,97)",-1.161574946,14.59115139,0.076937631,12.76441819,12.9661743,13.29070461,13.87412402,14.59115139,15.39339911,16.20197359,16.73150285,17.09595206
"CDC","HTWT",0,"[97,98)",-1.240820737,14.84177007,0.077214912,12.98660961,13.19060724,13.5191898,14.11133652,14.84177007,15.66274835,16.494444,17.04154573,17.41925008
"CDC","HTWT",0,"[98,99)",-1.328879402,15.0962879,0.077516968,13.21277431,13.41888786,13.75137383,14.3521657,15.0962879,15.93691963,16.79345342,17.35975605,17.75209809
"CDC","HTWT",0,"[99,100)",-1.425809463,15.35492729,0.077840877,13.44319598,13.65129272,13.98752021,14.59685108,15.35492729,16.21616173,17.09937174,17.68666374,18.09518631
"CDC","HTWT",0,"[100,101)",-1.531575592,15.61789822,0.078183177,13.67814897,13.88809057,14.22788616,14.8456253,15.61789822,16.50070256,17.41254676,18.02278798,18.44921206
"CDC","HTWT",0,"[101,102)",-1.646081976,15.88539464,0.078539804,13.91789949,14.12954284,14.47272193,15.09871195,15.88539464,16.79074422,17.73329941,18.36863542,18.81488277
"CDC","HTWT",0,"[102,103)",-1.769082483,16.15760201,0.078906277,14.16269719,14.37589784,14.722269,15.35632936,16.15760201,17.08646948,18.06192364,18.72469422,19.19290687
"CDC","HTWT",0,"[103,104)",-1.900221246,16.43469418,0.079277694,14.41277633,14.62739094,14.97675902,15.61868832,16.43469418,17.38803782,18.39868195,19.09143177,19.58399633
"CDC","HTWT",1,"[45,45]",0.666839915,2.305396985,0.168969897,1.61302626,1.69530853,1.824644762,2.047707671,2.305396985,2.573066177,2.822211988,2.974943903,3.075559629
"CDC","HTWT",1,"(45,46)",0.699616404,2.403256702,0.157654766,1.723754478,1.805222631,1.932850514,2.151843669,2.403256702,2.662835955,2.90317596,3.049956403,3.146436315
"CDC","HTWT",1,"[46,47)",0.747915684,2.606020484,0.139389663,1.946460733,2.026496007,2.151303478,2.363960397,2.606020484,2.853889995,3.081735239,3.220172553,3.310892709
"CDC","HTWT",1,"[47,48)",0.751754737,2.817114082,0.125837223,2.170805299,2.249554961,2.37216013,2.580564792,2.817114082,3.058703241,3.280280685,3.414702479,3.502712567
"CDC","HTWT",1,"[48,49)",0.691329975,3.035356101,0.115888948,2.396673878,2.474214132,2.595089193,2.80098615,3.035356101,3.275451769,3.496304856,3.630584823,3.718622563
"CDC","HTWT",1,"[49,50)",0.559107556,3.259693318,0.108648608,2.623845869,2.700266794,2.819827425,3.024685576,3.259693318,3.502419401,3.72742595,3.865029598,3.955569802
"CDC","HTWT",1,"[50,51)",0.361549127,3.48922017,0.103402703,2.852008338,2.92747924,3.046162798,3.251250865,3.48922017,3.738025406,3.971395567,4.115400222,4.210681986
"CDC","HTWT",1,"[51,52)",0.116436203,3.723195489,0.099599651,3.08077988,3.155581427,3.273900839,3.480372197,3.723195489,3.980867931,4.2261236,4.37920066,4.481218409
"CDC","HTWT",1,"[52,53)",-0.152509094,3.961034945,0.096830356,3.309743456,3.384266533,3.502832371,3.71180166,3.961034945,4.229754129,4.489708217,4.654076004,4.76453627
"CDC","HTWT",1,"[53,54)",-0.421478627,4.202270022,0.09480477,3.538486235,3.613206007,3.732716377,3.945306087,4.202270022,4.483693775,4.760455514,4.937828528,5.058090815
"CDC","HTWT",1,"[54,55)",-0.671388289,4.446476028,0.093323068,3.766648425,3.842082114,3.963283111,4.180622529,4.446476028,4.741844038,5.036873117,5.228445091,5.359480791
"CDC","HTWT",1,"[55,56)",-0.889973526,4.693220151,0.092246459,3.99394852,4.070613878,4.194251416,4.417443974,4.693220151,5.003447846,5.317643817,5.524112903,5.666497508
"CDC","HTWT",1,"[56,57)",-1.071844454,4.942029343,0.091473166,4.22019582,4.298576091,4.425349217,4.65542253,4.942029343,5.267777008,5.601587401,5.823223715,5.977171656
"CDC","HTWT",1,"[57,58)",-1.216671445,5.192403337,0.090923715,4.445271101,4.525795306,4.656327074,4.894194501,5.192403337,5.534118638,5.887634175,6.124358847,6.289778737
"CDC","HTWT",1,"[58,59)",-1.327360462,5.443830096,0.090532906,4.669110719,4.75214371,4.886964606,5.133398784,5.443830096,5.801772695,6.174806785,6.426273604,6.602835746
"CDC","HTWT",1,"[59,60)",-1.408261687,5.69581328,0.090246768,4.891682562,4.977524782,5.117070202,5.372695342,5.69581328,6.070070759,6.462216757,6.72787876,6.91507564
"CDC","HTWT",1,"[60,61)",-1.464051065,5.947889759,0.090021128,5.112971092,5.201863101,5.34647836,5.611774363,5.947889759,6.33839139,6.749065162,7.028227249,7.225424353
"CDC","HTWT",1,"[61,62)",-1.499105627,6.199640267,0.089820688,5.332968047,5.42509726,5.57504651,5.850360248,6.199640267,6.606171625,7.034644746,7.326504329,7.532980555
"CDC","HTWT",1,"[62,63)",-1.517197913,6.450695818,0.089618171,5.551666409,5.64717487,5.80265208,6.088213081,6.450695818,6.872915135,7.318342,7.622019771,7.836997958
"CDC","HTWT",1,"[63,64)",-1.521479703,6.700736725,0.089393174,5.769060531,5.868051772,6.029190763,6.325126546,6.700736725,7.138192567,7.59963607,7.914202723,8.136875366
"CDC","HTWT",1,"[64,65)",-1.514481331,6.949493534,0.089131254,5.985144406,6.08769022,6.254574837,6.560927184,6.949493534,7.401643498,7.878098236,8.202595917,8.432144771
"CDC","HTWT",1,"[65,66)",-1.498204976,7.196744733,0.088822943,6.199912645,6.306059022,6.478732239,6.795472337,7.196744733,7.662974516,8.15338936,8.486850867,8.722463522
"CDC","HTWT",1,"[66,67)",-1.474231858,7.442313819,0.088462854,6.413361985,6.523134146,6.701605945,7.028648027,7.442313819,7.921956215,8.425256531,8.766723181,9.00760766
"CDC","HTWT",1,"[67,68)",-1.443808911,7.686067039,0.088048963,6.625492182,6.738899009,6.923153436,7.260367355,7.686067039,8.17842062,8.693529674,9.04206755,9.287464886
"CDC","HTWT",1,"[68,69)",-1.407959107,7.92790936,0.087581916,6.836308446,6.953345818,7.143346471,7.49056809,7.92790936,8.432256562,8.958117069,9.312833279,9.562029761
"CDC","HTWT",1,"[69,70)",-1.367521025,8.167783677,0.087064605,7.045821054,7.166475096,7.362170518,7.719212002,8.167783677,8.683408324,9.219002186,9.579058661,9.831395513
"CDC","HTWT",1,"[70,71)",-1.32324327,8.405666621,0.086501667,7.254047943,7.378297165,7.579624634,7.946282454,8.405666621,8.931870645,9.47623884,9.840866488,10.09574977
"CDC","HTWT",1,"[71,72)",-1.275834578,8.641566305,0.085899159,7.461015613,7.588832522,7.795721098,8.171783008,8.641566305,9.177685743,9.729947188,10.09845888,10.35536822
"CDC","HTWT",1,"[72,73)",-1.226014257,8.875519723,0.085264271,7.666760352,7.798112411,8.010485082,8.395735838,8.875519723,9.420939935,9.980309503,10.3521122,10.61060874
"CDC","HTWT",1,"[73,74)",-1.174555804,9.107590221,0.084605096,7.871329398,8.006179356,8.223954294,8.61818018,9.107590221,9.661760324,10.22756595,10.60217203,10.86190554
"CDC","HTWT",1,"[74,75)",-1.122323639,9.337865054,0.083930435,8.07478203,8.213087629,8.436178609,8.839170822,9.337865054,9.900311537,10.47201035,10.84904795,11.10976332
"CDC","HTWT",1,"[75,76)",-1.070302348,9.566453061,0.083249631,8.277190538,8.418903651,8.647219687,9.05877667,9.566453061,10.13679255,10.7139859,11.09320847,11.35475136
"CDC","HTWT",1,"[76,77)",-1.019617172,9.793482492,0.082572421,8.478641037,8.623706299,8.857150596,9.277079452,9.793482492,10.37143354,10.95388092,11.33517576,11.59749766
"CDC","HTWT",1,"[77,78)",-0.971544123,10.01909902,0.081908788,8.679234065,8.82758712,9.066055489,9.494172583,10.01909902,10.60449286,11.19212443,11.57552036,11.83868308
"CDC","HTWT",1,"[78,79)",-0.927495981,10.24346467,0.081268832,8.879084281,9.03065003,9.274029292,9.710160711,10.24346467,10.83625465,11.42918192,11.81485555,12.07903468
"CDC","HTWT",1,"[79,80)",-0.889046221,10.46675386,0.080662561,9.078322619,9.233012616,9.481177715,9.925157686,10.46675386,11.06702353,11.66554993,12.05383282,12.3193224
"CDC","HTWT",1,"[80,81)",-0.857844783,10.6891553,0.080099785,9.277093118,9.434804244,9.68761705,10.13928821,10.6891553,11.29712459,11.90175234,12.29313502,12.56034996
"CDC","HTWT",1,"[81,82)",-0.835600041,10.91086924,0.079589888,9.475553729,9.636166759,9.893474476,10.35268693,10.91086924,11.52689868,12.13833477,12.53347134,12.80295084
"CDC","HTWT",1,"[82,83)",-0.824007806,11.13210717,0.079141623,9.673874713,9.837253816,10.0988884,10.56549933,11.13210717,11.75669976,12.37585953,12.77557129,13.04798203
"CDC","HTWT",1,"[83,84)",-0.824673085,11.35309164,0.078762888,9.872236954,10.03823028,10.30400903,10.77788274,11.35309164,11.98689198,12.61490029,13.02017859,13.29631805
"CDC","HTWT",1,"[84,85)",-0.839021353,11.57405623,0.078460511,10.07082987,10.2392715,10.50899902,10.9900078,11.57405623,12.21784683,12.85603662,13.26804494,13.54884494
"CDC","HTWT",1,"[85,86)",-0.868191531,11.79524697,0.078240047,10.26984825,10.44056188,10.71403421,11.20206069,11.79524697,12.44994139,13.0998487,13.51992325,13.80645301
"CDC","HTWT",1,"[86,87)",-0.912987527,12.0169203,0.078105554,10.46949211,10.64229536,10.9193044,11.41424337,12.0169203,12.68355339,13.346911,13.77656207,14.07003317
"CDC","HTWT",1,"[87,88)",-0.973732843,12.23934838,0.078059544,10.66996042,10.84467191,11.12501362,11.62677789,12.23934838,12.91906338,13.59778826,14.03869722,14.3404656
"CDC","HTWT",1,"[88,89)",-1.050238631,12.46281861,0.078102898,10.87145032,11.04789724,11.33138025,11.83990685,12.46281861,13.15685175,13.85303006,14.3070456,14.61861423
"CDC","HTWT",1,"[89,90)",-1.141750538,12.68763627,0.078234935,11.07415394,11.25218061,11.53863663,12.05389519,12.68763627,13.39729953,14.1131669,14.5822978,14.90531723
"CDC","HTWT",1,"[90,91)",-1.246935039,12.9141268,0.078453576,11.27825609,11.45773296,11.74702786,12.26903094,12.9141268,13.64078954,14.37870706,14.86511095,15.20137719
"CDC","HTWT",1,"[91,92)",-1.363881842,13.1426393,0.078755652,11.48393116,11.66476403,11.95681,12.48562589,13.1426393,13.88771008,14.65013514,15.1561012,15.50754879
"CDC","HTWT",1,"[92,93)",-1.490235591,13.37354263,0.079137144,11.69134669,11.87348344,12.16824818,12.70401141,13.37354263,14.13845236,14.92790917,15.45583919,15.82453284
"CDC","HTWT",1,"[93,94)",-1.623204367,13.60723197,0.079593737,11.9006578,12.08409573,12.38161332,12.92453941,13.60723197,14.39341959,15.21246325,15.76484189,16.1529576
"CDC","HTWT",1,"[94,95)",-1.759750536,13.84412275,0.080121122,12.11201227,12.29680209,12.5971797,13.14757603,13.84412275,14.65302443,15.5042068,16.08356951,16.49337198
"CDC","HTWT",1,"[95,96)",-1.896722704,14.08464853,0.080715361,12.32555163,12.51179974,12.81522219,13.37349756,14.08464853,14.91769089,15.80352641,16.41242128,16.84623319
"CDC","HTWT",1,"[96,97)",-2.031079769,14.32925018,0.081372938,12.54141939,12.72928607,13.03601505,13.60268237,14.32925018,15.1878468,16.11078394,16.75173457,17.21190355
"CDC","HTWT",1,"[97,98)",-2.159985258,14.57837334,0.082090922,12.75976132,12.9494582,13.25983009,13.83550775,14.57837334,15.4639243,16.42631821,17.10178143,17.59063809
"CDC","HTWT",1,"[98,99)",-2.280992946,14.8324557,0.082866693,12.98073439,13.17251854,13.48693728,14.07234276,14.8324557,15.74634796,16.7504403,17.46276845,17.9825849
"CDC","HTWT",1,"[99,100)",-2.392125361,15.09192012,0.083697706,13.20451042,13.39867734,13.71760521,14.31354493,15.09192012,16.03552754,17.08342993,17.83483458,18.38778042
"CDC","HTWT",1,"[100,101)",-2.491985117,15.35716167,0.08458092,13.43128538,13.62815947,13.95210374,14.55945515,15.35716167,16.33184172,17.42552542,18.21805007,18.80615497
"CDC","HTWT",1,"[101,102)",-2.579688446,15.62854849,0.085512655,13.66127661,13.86120318,14.19070443,14.81039951,15.62854849,16.63563645,17.77692011,18.61241094,19.23752318
"CDC","HTWT",1,"[102,103)",-2.654922113,15.90640903,0.086487929,13.89473275,14.09806774,14.43368432,15.06668553,15.90640903,16.94720609,18.13774777,19.01783635,19.68159413
"CDC","HTWT",1,"[103,104)",-2.717782155,16.19103966,0.087500575,14.13192569,14.33902847,14.68132531,15.32860703,16.19103966,17.2667985,18.50808075,19.43416015,20.13795636
"CDC","HTWT_GT2YR",0,"[77,77]",-0.999294215,10.27440527,0.077115837,8.972918744,9.11781325,9.350303042,9.766407722,10.27440527,10.83812738,11.4011129,11.7668991,12.01728627
"CDC","HTWT_GT2YR",0,"(77,78)",-0.979897716,10.38901871,0.076995353,9.073267731,9.219922075,9.455148545,9.875875665,10.38901871,10.95778248,11.52507288,11.8932524,12.14509038
"CDC","HTWT_GT2YR",0,"[78,79)",-0.943555181,10.61724901,0.076769511,9.27309208,9.423242003,9.663907823,10.09383533,10.61724901,11.19612673,11.77212488,12.14519668,12.40002986
"CDC","HTWT_GT2YR",0,"[79,80)",-0.91080778,10.84432907,0.076564374,9.47192154,9.625531353,9.871587899,10.31065794,10.84432907,11.43339148,12.01827111,12.39640999,12.65438854
"CDC","HTWT_GT2YR",0,"[80,81)",-0.882026316,11.07048885,0.076380766,9.669970612,9.827000834,10.07839639,10.52655452,11.07048885,11.66984493,12.26383357,12.6472562,12.90856157
"CDC","HTWT_GT2YR",0,"[81,82)",-0.857561667,11.29597453,0.076219662,9.867465098,10.02787289,10.28455342,10.7417502,11.29597453,11.90577397,12.50915553,12.89812222,13.16296835
"CDC","HTWT_GT2YR",0,"[82,83)",-0.837750377,11.52104655,0.07608215,10.06464125,10.22838074,10.49029047,10.95648264,11.52104655,12.14148209,12.75459958,13.14941636,13.41805131
"CDC","HTWT_GT2YR",0,"[83,84)",-0.822919198,11.74597768,0.075969382,10.26174496,10.4287674,10.69584915,11.17100044,11.74597768,12.37728721,13.00054571,13.40156684,13.6742748
"CDC","HTWT_GT2YR",0,"[84,85)",-0.813388595,11.97105103,0.075882537,10.45903091,10.62928475,10.90148006,11.38556161,11.97105103,12.61351947,13.24738933,13.6550202,13.93212398
"CDC","HTWT_GT2YR",0,"[85,86)",-0.809475279,12.19655799,0.075822785,10.65676178,10.83019257,11.10744159,11.60043192,12.19655799,12.85051907,13.49553926,13.91023979,14.19210372
"CDC","HTWT_GT2YR",0,"[86,87)",-0.811493792,12.4227963,0.075791244,10.85520745,11.03175764,11.31399881,11.81588337,12.4227963,13.08863398,13.74541572,14.1677042,14.45473759
"CDC","HTWT_GT2YR",0,"[87,88)",-0.8197572,12.65006791,0.075788944,11.0546442,11.2342528,11.52142229,12.03219261,12.65006791,13.32821763,13.99744832,14.42790576,14.72056689
"CDC","HTWT_GT2YR",0,"[88,89)",-0.834576932,12.87867701,0.07581679,11.25535391,11.43795604,11.729987,12.24963938,12.87867701,13.56962661,14.25207386,14.691349,14.99014975
"CDC","HTWT_GT2YR",0,"[89,90)",-0.856261805,13.10892794,0.075875517,11.45762324,11.64314963,11.93997121,12.46850502,13.10892794,13.81321822,14.50973427,14.95854908,15.26406025
"CDC","HTWT_GT2YR",0,"[90,91)",-0.885116299,13.34112314,0.075965652,11.66174286,11.85011921,12.15165548,12.68907093,13.34112314,14.05934806,14.77087425,15.23003025,15.54288768
"CDC","HTWT_GT2YR",0,"[91,92)",-0.921432943,13.5755615,0.076087468,11.86800626,12.05915274,12.36532155,12.91161745,13.5755615,14.30836781,15.03593913,15.50632408,15.82723547
"CDC","HTWT_GT2YR",0,"[92,93)",-0.965501267,13.81253552,0.076240931,12.07670968,12.27054003,12.58125142,13.13642188,13.81253552,14.56062192,15.30537214,15.78796821,16.11772149
"CDC","HTWT_GT2YR",0,"[93,94)",-1.017588552,14.05233041,0.076425662,12.28815023,12.48457136,12.7997264,13.36375794,14.05233041,14.81644595,15.57961215,16.07550416,16.41497639
"CDC","HTWT_GT2YR",0,"[94,95)",-1.077941994,14.29522185,0.07664088,12.50262539,12.70153676,13.02102616,13.59389429,14.29522185,15.07616355,15.85909086,16.36947582,16.71964365
"CDC","HTWT_GT2YR",0,"[95,96)",-1.146773671,14.54147499,0.076885365,12.72043131,12.92172471,13.24542786,13.82709389,14.54147499,15.3400845,16.14423022,16.6704272,17.03237842
"CDC","HTWT_GT2YR",0,"[96,97)",-1.224269596,14.79134177,0.07715739,12.94186266,13.14542179,13.47320539,14.06361249,14.79134177,15.60850108,16.435439,16.97890086,17.35384839
"CDC","HTWT_GT2YR",0,"[97,98)",-1.310558831,15.04506152,0.077454707,13.16720979,13.37291056,13.70462839,14.30369892,15.04506152,15.88168735,16.73311035,17.29543503,17.6847315
"CDC","HTWT_GT2YR",0,"[98,99)",-1.405713355,15.30285949,0.077774507,13.39675772,13.60446875,13.9399615,14.54759427,15.30285949,16.15989645,17.03761835,17.62056129,18.02571601
"CDC","HTWT_GT2YR",0,"[99,100)",-1.509717075,15.56494815,0.078113436,13.6307828,13.84036679,14.17946326,14.79553258,15.56494815,16.4433606,17.34931547,17.95480122,18.3774979
"CDC","HTWT_GT2YR",0,"[100,101)",-1.622491233,15.83152429,0.078467542,13.86955335,14.08086791,14.42338546,15.04773906,15.83152429,16.73228676,17.66852815,18.29866436,18.74078304
"CDC","HTWT_GT2YR",0,"[101,102)",-1.743825743,16.10277448,0.078832409,14.11332298,14.3262235,14.6719715,15.30443284,16.10277448,17.02686105,17.99555569,18.65264302,19.11628039
"CDC","HTWT_GT2YR",0,"[102,103)",-1.873365511,16.37887678,0.079203258,14.3623275,14.57667057,14.92545486,15.56582724,16.37887678,17.32724961,18.33066799,19.01720839,19.5046992
"CDC","HTWT_GT2YR",0,"[103,104)",-2.010641647,16.65999867,0.079574978,14.61678517,14.83243136,15.18405792,15.83212792,16.65999867,17.63359604,18.67410169,19.39280771,19.90675015
"CDC","HTWT_GT2YR",0,"[104,105)",-2.154957918,16.94630912,0.079942558,14.8768847,15.09370466,15.44798851,16.10353776,16.94630912,17.94603443,19.02606388,19.77985667,20.32312999
"CDC","HTWT_GT2YR",0,"[105,106)",-2.305458316,17.23797444,0.08030117,15.14278742,15.36066627,15.71743814,16.38025293,17.23797444,18.26468632,19.38672911,20.1787374,20.75452347
"CDC","HTWT_GT2YR",0,"[106,107)",-2.461019713,17.53517134,0.080646757,15.41461403,15.63345894,15.99257708,16.66246685,17.53517134,18.58967772,19.75624737,20.58979116,21.20158343
"CDC","HTWT_GT2YR",0,"[107,108)",-2.62033059,17.83808212,0.080976208,15.69244676,15.91219242,16.27355169,16.95036489,17.83808212,18.92113785,20.13474455,21.01331726,21.66492986
"CDC","HTWT_GT2YR",0,"[108,109)",-2.781787762,18.14690821,0.0812881,15.97631447,16.19693164,16.56047764,17.24412681,18.14690821,19.25922069,20.52233698,21.44956767,22.14512329
"CDC","HTWT_GT2YR",0,"[109,110)",-2.943638944,18.46185811,0.081582687,16.26619982,16.48769998,16.85343765,17.54391749,18.46185811,19.60409781,20.91913269,21.89875002,22.64266738
"CDC","HTWT_GT2YR",0,"[110,111)",-3.103888502,18.78315936,0.081862656,16.56202375,16.78446659,17.15247356,17.84988762,18.78315936,19.95598136,21.32525216,22.36102622,23.15797665
"CDC","HTWT_GT2YR",0,"[111,112)",-3.260482798,19.11103983,0.082132791,16.86365693,17.08715301,17.4575854,18.16216193,19.11103983,20.31510927,21.74082861,22.83652027,23.69138309
"CDC","HTWT_GT2YR",0,"[112,113)",-3.411305599,19.44572803,0.082400213,17.17091316,17.39562697,17.76872619,18.48083577,19.44572803,20.68175356,22.16602327,23.32532325,24.24311525
"CDC","HTWT_GT2YR",0,"[113,114)",-3.554288672,19.78744004,0.082674023,17.48355487,17.70970539,18.08580073,18.80596716,19.78744004,21.05620975,22.60102871,23.82750255,24.81329664
"CDC","HTWT_GT2YR",0,"[114,115)",-3.687600863,20.13635563,0.082964333,17.80130995,18.02916633,18.40866976,19.13756712,20.13635563,21.43876754,23.04605609,24.34311131,25.40196582
"CDC","HTWT_GT2YR",0,"[115,116)",-3.809599339,20.49262111,0.083282267,18.12386353,18.35374284,18.73714656,19.47560008,20.49262111,21.8297156,23.50134403,24.87219375,26.00905839
"CDC","HTWT_GT2YR",0,"[116,117)",-3.919005213,20.85632542,0.083638758,18.45087764,18.68313795,19.0710044,19.81997697,20.85632542,22.22930525,23.96713325,25.41479043,26.63443908
"CDC","HTWT_GT2YR",0,"[117,118)",-4.014882272,21.2274989,0.084044246,18.78199002,19.01702441,19.40997727,20.17055644,21.2274989,22.63774393,24.44365939,25.97093854,27.27790257
"CDC","HTWT_GT2YR",0,"[118,119)",-4.096683061,21.60610366,0.084508001,19.11682286,19.35505216,19.75376486,20.52714418,21.60610366,23.05517462,24.93113135,26.54066898,27.93919453
"CDC","HTWT_GT2YR",0,"[119,120)",-4.164160421,21.9920407,0.085038256,19.45497491,19.69684281,20.1020308,20.88949663,21.9920407,23.48168087,25.42972912,27.12400191,28.61800412
"CDC","HTWT_GT2YR",0,"[120,121)",-4.217425718,22.3851382,0.085641503,19.79603451,20.0420005,20.45440956,21.25732015,22.3851382,23.91726195,25.93957405,27.72093757,29.31399641
"CDC","HTWT_GT2YR",0,"[121,122)",-4.256802224,22.78516628,0.086323118,20.13956381,20.3900999,20.81050076,21.63027567,22.78516628,24.36185175,26.46073804,28.33145034,30.02679082
"CDC","HTWT_GT2YR",1,"[77,77]",-0.957840869,10.08653219,0.081713853,8.739261615,8.888586869,9.128540802,9.55907995,10.08653219,10.674144,11.26334412,11.64739801,11.91084201
"CDC","HTWT_GT2YR",1,"(77,78)",-0.935908436,10.19868351,0.081394448,8.839167516,8.990097375,9.232504092,9.667046213,10.19868351,10.78999185,11.38184191,11.76703846,12.03099456
"CDC","HTWT_GT2YR",1,"[78,79)",-0.89621042,10.42217324,0.080780644,9.038517201,9.192590101,9.439808634,9.882231734,10.42217324,11.02093382,11.61830668,12.00603364,12.27123186
"CDC","HTWT_GT2YR",1,"[79,80)",-0.863423474,10.64473659,0.080208403,9.23736905,9.39448496,9.646379965,10.09652511,10.64473659,11.25114165,11.85449919,12.24521487,12.51204563
"CDC","HTWT_GT2YR",1,"[80,81)",-0.839250279,10.86657146,0.079687207,9.43587839,9.595921376,9.852343066,10.31005891,10.86657146,11.4809532,12.09096109,12.48528658,12.75426396
"CDC","HTWT_GT2YR",1,"[81,82)",-0.825395013,11.08788714,0.079225952,9.634213141,9.797050683,10.05783406,10.52297639,11.08788714,11.71072003,12.32825177,12.72697467,12.99873959
"CDC","HTWT_GT2YR",1,"[82,83)",-0.823487667,11.30890397,0.078832728,9.832552217,9.998035565,10.26300074,10.73543239,11.30890397,11.94080449,12.56694308,12.97102053,13.24634405
"CDC","HTWT_GT2YR",1,"[83,84)",-0.834997067,11.52985331,0.078514592,10.03108351,10.19904933,10.46800322,10.94759478,11.52985331,12.17157684,12.80761383,13.21817476,13.49796154
"CDC","HTWT_GT2YR",1,"[84,85)",-0.861125495,11.75097872,0.078277372,10.23000087,10.40027462,10.67301464,11.15964652,11.75097872,12.40341329,13.05084457,13.46919053,13.75448195
"CDC","HTWT_GT2YR",1,"[85,86)",-0.90275588,11.97253416,0.078125431,10.42950375,10.60190372,10.87822198,11.37178607,11.97253416,12.63669132,13.29721122,13.72481792,14.01679695
"CDC","HTWT_GT2YR",1,"[86,87)",-0.960308955,12.19478883,0.078061602,10.62979128,10.80413535,11.08382637,11.5842315,12.19478883,12.87179128,13.54728098,13.98579574,14.28578915
"CDC","HTWT_GT2YR",1,"[87,88)",-1.033704489,12.41802682,0.078087089,10.83106129,11.00717426,11.29004337,11.79722112,12.41802682,13.10909353,13.80160677,14.25284528,14.56232653
"CDC","HTWT_GT2YR",1,"[88,89)",-1.122303405,12.64254963,0.078201515,11.03350713,11.21122918,11.49710258,12.01101528,12.64254963,13.34897889,14.06072319,14.52666298,14.84725316
"CDC","HTWT_GT2YR",1,"[89,90)",-1.224887418,12.86867851,0.07840306,11.23731521,11.41651085,11.70524667,12.22589739,12.86867851,13.59182967,14.32514317,14.80791321,15.14137958
"CDC","HTWT_GT2YR",1,"[90,91)",-1.339655646,13.09675786,0.078688751,11.44266196,11.62322932,11.91472966,12.44217465,13.09675786,13.83803305,14.59535621,15.0972208,15.44547079
"CDC","HTWT_GT2YR",1,"[91,92)",-1.464342037,13.32715202,0.079054697,11.64971679,11.83159463,12.12581512,12.66017439,13.32715202,14.08797892,14.87182549,15.39516617,15.76023982
"CDC","HTWT_GT2YR",1,"[92,93)",-1.596224732,13.56025156,0.079496621,11.85863674,12.04181213,12.33877299,12.88024501,13.56025156,14.34206849,15.15499004,15.70227723,16.0863298
"CDC","HTWT_GT2YR",1,"[93,94)",-1.732305592,13.79646793,0.080010179,12.06957102,12.25408376,12.55387711,13.10275007,13.79646793,14.6007123,15.44526407,16.01902591,16.42430655
"CDC","HTWT_GT2YR",1,"[94,95)",-1.869440665,14.03623165,0.080591346,12.28266198,12.46860734,12.77140239,13.32806438,14.03623165,14.86433237,15.74303877,16.34582383,16.77464616
"CDC","HTWT_GT2YR",1,"[95,96)",-2.004558693,14.27998232,0.081236502,12.49805271,12.68558031,12.99162337,13.55656614,14.27998232,15.13335566,16.04868075,16.68302101,17.13773099
"CDC","HTWT_GT2YR",1,"[96,97)",-2.134764169,14.5281658,0.08194262,12.71588767,12.9051993,13.21481233,13.78863356,14.5281658,15.40821452,16.36253385,17.0309025,17.51383737
"CDC","HTWT_GT2YR",1,"[97,98)",-2.257524917,14.78122196,0.082707038,12.93632124,13.12766544,13.44123956,14.02463766,14.78122196,15.68933564,16.68491497,17.38968816,17.90313512
"CDC","HTWT_GT2YR",1,"[98,99)",-2.370762249,15.03957746,0.083527227,13.15952176,13.35318702,13.67117381,14.2649386,15.03957746,15.97713269,17.01611063,17.75953058,18.30568297
"CDC","HTWT_GT2YR",1,"[99,100)",-2.472965302,15.30363303,0.084400264,13.38568043,13.58198599,13.9048846,14.50988056,15.30363303,16.2719909,17.35636782,18.14051413,18.72143304
"CDC","HTWT_GT2YR",1,"[100,101)",-2.563140425,15.5737634,0.085322654,13.61500935,13.81429721,14.14264285,14.759793,15.5737634,16.57426445,17.70589007,18.5326498,19.15022213
"CDC","HTWT_GT2YR",1,"[101,102)",-2.640873937,15.8503043,0.086289668,13.84775164,14.05037619,14.38472456,15.01498669,15.8503043,16.88425753,18.06482316,18.93587281,19.59178174
"CDC","HTWT_GT2YR",1,"[102,103)",-2.706178899,16.1335593,0.087295416,14.08417388,14.29049454,14.63141037,15.27575841,16.1335593,17.20222861,18.4332529,19.35003441,20.04572382
"CDC","HTWT_GT2YR",1,"[103,104)",-2.759500412,16.42379037,0.088332358,14.32457385,14.53494603,14.88298893,15.54238872,16.42379037,17.52837462,18.8111906,19.77489735,20.51154925
"CDC","HTWT_GT2YR",1,"[104,105)",-2.801578893,16.72122308,0.089391426,14.56927503,14.78404331,15.13975644,15.8151455,16.72122308,17.86283343,19.1985691,20.21012731,20.98863696
"CDC","HTWT_GT2YR",1,"[105,106)",-2.833376069,17.02604617,0.090461996,14.81862634,15.03811803,15.40201748,16.09428485,17.02604617,18.20567994,19.5952351,20.65528582,21.47624048
"CDC","HTWT_GT2YR",1,"[106,107)",-2.855987198,17.33841369,0.09153201,15.07299942,15.29751915,15.67008464,16.38005272,17.33841369,18.55692603,20.00094429,21.10982248,21.97348019
"CDC","HTWT_GT2YR",1,"[107,108)",-2.870584724,17.65844486,0.092588053,15.33278813,15.56261274,15.94427872,16.67268526,17.65844486,18.91651802,20.41535516,21.57306793,22.47933846
"CDC","HTWT_GT2YR",1,"[108,109)",-2.878341197,17.98622785,0.093615622,15.59840399,15.83377861,16.2249273,16.97241047,17.98622785,19.28434006,20.83802746,22.04422649,22.99264818
"CDC","HTWT_GT2YR",1,"[109,110)",-2.880404823,18.32181829,0.094599184,15.87027673,16.11141079,16.5123649,17.27944769,18.32181829,19.66021061,21.2684158,22.5223689,23.51208703
"CDC","HTWT_GT2YR",1,"[110,111)",-2.877853767,18.66524194,0.095522442,16.14885045,16.39591448,16.80693136,17.5940083,18.66524194,20.04388538,21.7058694,23.00642737,24.03616881
"CDC","HTWT_GT2YR",1,"[111,112)",-2.871676584,19.01649457,0.096368448,16.43458256,16.6877053,17.10897135,17.91629559,19.01649457,20.43505617,22.14962753,23.49518765,24.56323314
"CDC","HTWT_GT2YR",1,"[112,113)",-2.86277466,19.37553957,0.097119646,16.72794483,16.98720984,17.41883434,18.24650364,19.37553957,20.8333469,22.59881442,23.98728419,25.09144275
"CDC","HTWT_GT2YR",1,"[113,114)",-2.851915004,19.74231348,0.097758211,17.02941648,17.29486046,17.73687191,18.58481884,19.74231348,21.23832075,23.05244169,24.48119347,25.61876629
"CDC","HTWT_GT2YR",1,"[114,115)",-2.839760032,20.11672014,0.098265916,17.33948852,17.61109835,18.06343891,18.93141779,20.11672014,21.64947133,23.50939939,24.97522873,26.14297963
"CDC","HTWT_GT2YR",1,"[115,116)",-2.826824189,20.4986363,0.098624434,17.65865664,17.93636825,18.39889081,19.28646882,20.4986363,22.06622967,23.96845835,25.46753358,26.66164921
"CDC","HTWT_GT2YR",1,"[116,117)",-2.813480089,20.88790914,0.09881529,17.98742223,18.27111906,18.74358385,19.65013122,20.88790914,22.48795967,24.42826397,25.95607618,27.17212889
"CDC","HTWT_GT2YR",1,"[117,118)",-2.799924586,21.28435965,0.09882,18.32628747,18.61580027,19.09787338,20.02255635,21.28435965,22.91396132,24.8873352,26.43864271,27.67154822
"CDC","HTWT_GT2YR",1,"[118,119)",-2.786142221,21.6877854,0.098620143,18.67575115,18.97085907,19.46211272,20.40388907,21.6877854,23.34347238,25.34406179,26.91283039,28.15680318
"CDC","HTWT_GT2YR",1,"[119,120)",-2.771843402,22.09796571,0.098197431,19.03630228,19.33673586,19.83665164,20.79427025,22.09796571,23.77567219,25.79670194,27.37603973,28.62454542
"CDC","HTWT_GT2YR",1,"[120,121)",-2.756365595,22.51466977,0.097533789,19.4084109,19.71385824,20.22183471,21.19384134,22.51466977,24.20968794,26.24338024,27.82546527,29.07117005
"CDC","HTWT_GT2YR",1,"[121,122)",-2.738514883,22.93766971,0.09661143,19.79251446,20.10263208,20.61799935,21.6027518,22.93766971,24.64460473,26.68208549,28.25808429,29.49280125
"WHO","HTWT",0,"[45,45.5)",-0.3521,2.441,0.09182,2.043085,2.106981,2.175173,2.295939,2.441,2.598735,2.752713,2.850807,2.951324
"WHO","HTWT",0,"[45.5,46)",-0.3521,2.5244,0.09153,2.114041,2.179956,2.250293,2.374837,2.5244,2.686987,2.84566,2.946724,3.050268
"WHO","HTWT",0,"[46,46.5)",-0.3521,2.6077,0.09124,2.18499,2.252911,2.325378,2.453671,2.6077,2.775097,2.938422,3.042427,3.148968
"WHO","HTWT",0,"[46.5,47)",-0.3521,2.6913,0.09094,2.25631,2.326226,2.400814,2.532835,2.6913,2.863471,3.031408,3.138329,3.247837
"WHO","HTWT",0,"[47,47.5)",-0.3521,2.7755,0.09065,2.32817,2.400092,2.47681,2.612577,2.7755,2.952467,3.125038,3.234886,3.347375
"WHO","HTWT",0,"[47.5,48)",-0.3521,2.8609,0.09036,2.401115,2.475063,2.553931,2.69348,2.8609,3.042704,3.219945,3.332742,3.448234
"WHO","HTWT",0,"[48,48.5)",-0.3521,2.948,0.09007,2.475566,2.551572,2.632625,2.776015,2.948,3.134712,3.316691,3.43248,3.551015
"WHO","HTWT",0,"[48.5,49)",-0.3521,3.0377,0.08977,2.552331,2.630444,2.713732,2.861048,3.0377,3.229426,3.41624,3.53508,3.65672
"WHO","HTWT",0,"[49,49.5)",-0.3521,3.1308,0.08948,2.631991,2.712292,2.797902,2.949299,3.1308,3.327737,3.519578,3.641592,3.76646
"WHO","HTWT",0,"[49.5,50)",-0.3521,3.2276,0.08919,2.71485,2.79742,2.88544,3.04107,3.2276,3.42994,3.626994,3.752297,3.880511
"WHO","HTWT",0,"[50,50.5)",-0.3521,3.3278,0.0889,2.80066,2.885574,2.976081,3.13608,3.3278,3.535715,3.738145,3.86684,3.998505
"WHO","HTWT",0,"[50.5,51)",-0.3521,3.4311,0.08861,2.889173,2.976497,3.06956,3.234048,3.4311,3.644741,3.852691,3.984869,4.120075
"WHO","HTWT",0,"[51,51.5)",-0.3521,3.5376,0.08831,2.980535,3.070327,3.166008,3.335092,3.5376,3.757096,3.970687,4.106421,4.245244
"WHO","HTWT",0,"[51.5,52)",-0.3521,3.6477,0.08801,3.075034,3.167371,3.26575,3.439571,3.6477,3.873226,4.092626,4.232023,4.374568
"WHO","HTWT",0,"[52,52.5)",-0.3521,3.762,0.08771,3.173182,3.268154,3.369328,3.548053,3.762,3.993768,4.219179,4.362364,4.50876
"WHO","HTWT",0,"[52.5,53)",-0.3521,3.8814,0.08741,3.275745,3.373464,3.477551,3.661388,3.8814,4.119672,4.351347,4.49848,4.648887
"WHO","HTWT",0,"[53,53.5)",-0.3521,4.006,0.08711,3.382814,3.483394,3.590514,3.779675,4.006,4.251043,4.489236,4.640477,4.795059
"WHO","HTWT",0,"[53.5,54)",-0.3521,4.1354,0.08681,3.494059,3.597603,3.707865,3.902538,4.1354,4.387451,4.632391,4.787883,4.946784
"WHO","HTWT",0,"[54,54.5)",-0.3521,4.2693,0.08651,3.609233,3.715835,3.829338,4.029697,4.2693,4.528577,4.78047,4.940342,5.103693
"WHO","HTWT",0,"[54.5,55)",-0.3521,4.4066,0.08621,3.727413,3.837139,3.953952,4.160116,4.4066,4.67325,4.932235,5.096575,5.264463
"WHO","HTWT",0,"[55,55.5)",-0.3521,4.5467,0.08592,3.848024,3.960933,4.081121,4.293202,4.5467,4.820865,5.08708,5.255972,5.428484
"WHO","HTWT",0,"[55.5,56)",-0.3521,4.6892,0.08563,3.970797,4.086931,4.210535,4.428606,4.6892,4.970965,5.244488,5.417981,5.595166
"WHO","HTWT",0,"[56,56.5)",-0.3521,4.8338,0.08535,4.095407,4.214808,4.341875,4.566015,4.8338,5.123266,5.404194,5.582349,5.764267
"WHO","HTWT",0,"[56.5,57)",-0.3521,4.9796,0.08507,4.221164,4.343844,4.474383,4.704609,4.9796,5.276779,5.565121,5.747942,5.934596
"WHO","HTWT",0,"[57,57.5)",-0.3521,5.1259,0.08481,4.347314,4.473289,4.607318,4.843662,5.1259,5.430838,5.726639,5.914155,6.105576
"WHO","HTWT",0,"[57.5,58)",-0.3521,5.2721,0.08455,4.473502,4.602751,4.740248,4.982669,5.2721,5.584736,5.887933,6.080102,6.276246
"WHO","HTWT",0,"[58,58.5)",-0.3521,5.418,0.0843,4.599472,4.731982,4.872933,5.121406,5.418,5.738301,6.048861,6.245662,6.446507
"WHO","HTWT",0,"[58.5,59)",-0.3521,5.5632,0.08406,4.724876,4.860627,5.005008,5.259492,5.5632,5.891111,6.208982,6.410382,6.615894
"WHO","HTWT",0,"[59,59.5)",-0.3521,5.7074,0.08383,4.849452,4.988415,5.136198,5.39664,5.7074,6.042854,6.36797,6.573927,6.784063
"WHO","HTWT",0,"[59.5,60)",-0.3521,5.8501,0.08362,4.972673,5.114823,5.265982,5.532339,5.8501,6.193047,6.52536,6.735847,6.950579
"WHO","HTWT",0,"[60,60.5)",-0.3521,5.9907,0.08342,5.09411,5.239396,5.393876,5.666051,5.9907,6.341016,6.68041,6.89535,7.114604
"WHO","HTWT",0,"[60.5,61)",-0.3521,6.1284,0.08324,5.212973,5.36134,5.519084,5.796979,6.1284,6.485965,6.832326,7.05165,7.275354
"WHO","HTWT",0,"[61,61.5)",-0.3521,6.2632,0.08308,5.329248,5.480644,5.641597,5.925116,6.2632,6.6279,6.981122,7.204766,7.432856
"WHO","HTWT",0,"[61.5,62)",-0.3521,6.3954,0.08292,5.44338,5.597732,5.761815,6.05082,6.3954,6.767053,7.126957,7.354806,7.587165
"WHO","HTWT",0,"[62,62.5)",-0.3521,6.5251,0.08279,5.555138,5.71242,5.87961,6.174063,6.5251,6.903673,7.270234,7.502278,7.738897
"WHO","HTWT",0,"[62.5,63)",-0.3521,6.6527,0.08266,5.665162,5.825317,5.99555,6.29534,6.6527,7.038046,7.411123,7.647269,7.888055
"WHO","HTWT",0,"[63,63.5)",-0.3521,6.7786,0.08255,5.773573,5.936584,6.109844,6.414944,6.7786,7.170696,7.55027,7.79051,8.035457
"WHO","HTWT",0,"[63.5,64)",-0.3521,6.9028,0.08245,5.88047,6.046305,6.22256,6.532913,6.9028,7.301578,7.687586,7.931881,8.180948
"WHO","HTWT",0,"[64,64.5)",-0.3521,7.0255,0.08236,5.986016,6.15465,6.333872,6.649434,7.0255,7.430906,7.823298,8.071618,8.324777
"WHO","HTWT",0,"[64.5,65)",-0.3521,7.1467,0.08229,6.090089,6.261515,6.443698,6.764459,7.1467,7.558736,7.95752,8.209873,8.467133
"WHO","HTWT",0,"[65,65.5)",-0.3521,7.2666,0.08223,6.192965,6.367164,6.55229,6.87822,7.2666,7.685232,8.090377,8.346744,8.608089
"WHO","HTWT",0,"[65.5,66)",-0.3521,7.3854,0.08218,6.294807,6.471767,6.659823,6.990901,7.3854,7.810607,8.222098,8.482471,8.747892
"WHO","HTWT",0,"[66,66.5)",-0.3521,7.5034,0.08215,6.395745,6.57548,6.766481,7.102739,7.5034,7.935237,8.353132,8.617553,8.887095
"WHO","HTWT",0,"[66.5,67)",-0.3521,7.6206,0.08213,6.49589,6.678396,6.872341,7.213776,7.6206,8.059071,8.483379,8.751853,9.025525
"WHO","HTWT",0,"[67,67.5)",-0.3521,7.737,0.08212,6.595235,6.78051,6.977398,7.324011,7.737,8.182112,8.612843,8.885379,9.16319
"WHO","HTWT",0,"[67.5,68)",-0.3521,7.8526,0.08212,6.693776,6.881819,7.081648,7.43344,7.8526,8.304363,8.741529,9.018137,9.300099
"WHO","HTWT",0,"[68,68.5)",-0.3521,7.9674,0.08214,6.791378,6.982208,7.185,7.542013,7.9674,8.425883,8.869561,9.150293,9.436461
"WHO","HTWT",0,"[68.5,69)",-0.3521,8.0816,0.08216,6.888461,7.082064,7.287805,7.650014,8.0816,8.546773,8.996931,9.281768,9.572124
"WHO","HTWT",0,"[69,69.5)",-0.3521,8.1955,0.08219,6.985149,7.181539,7.390244,7.757678,8.1955,8.667407,9.124096,9.413071,9.707649
"WHO","HTWT",0,"[69.5,70)",-0.3521,8.3092,0.08224,7.081388,7.2806,7.492309,7.865043,8.3092,8.787957,9.251294,9.544487,9.843373
"WHO","HTWT",0,"[70,70.5)",-0.3521,8.4227,0.08229,7.177438,7.379471,7.594181,7.972213,8.4227,8.908303,9.378287,9.675696,9.978888
"WHO","HTWT",0,"[70.5,71)",-0.3521,8.5358,0.08235,7.272991,7.477858,7.695586,8.078943,8.5358,9.028296,9.504978,9.806637,10.11417
"WHO","HTWT",0,"[71,71.5)",-0.3521,8.648,0.08241,7.367757,7.575438,7.796163,8.184813,8.648,9.147347,9.630686,9.936572,10.24843
"WHO","HTWT",0,"[71.5,72)",-0.3521,8.7594,0.08248,7.461678,7.672178,7.895907,8.289862,8.7594,9.265626,9.755654,10.06579,10.38198
"WHO","HTWT",0,"[72,72.5)",-0.3521,8.8697,0.08254,7.55478,7.768056,7.994741,8.393916,8.8697,9.382688,9.879288,10.19359,10.51406
"WHO","HTWT",0,"[72.5,73)",-0.3521,8.9788,0.08262,7.646549,7.862618,8.092279,8.496715,8.9788,9.49862,10.00187,10.3204,10.64519
"WHO","HTWT",0,"[73,73.5)",-0.3521,9.0865,0.08269,7.737245,7.956055,8.188637,8.598234,9.0865,9.613018,10.12279,10.44546,10.77448
"WHO","HTWT",0,"[73.5,74)",-0.3521,9.1927,0.08276,7.82664,8.048159,8.283627,8.698324,9.1927,9.725841,10.24205,10.56882,10.90203
"WHO","HTWT",0,"[74,74.5)",-0.3521,9.2974,0.08283,7.914735,8.138929,8.377249,8.796986,9.2974,9.837087,10.35967,10.69049,11.02784
"WHO","HTWT",0,"[74.5,75)",-0.3521,9.401,0.08289,8.00202,8.228845,8.469968,8.894657,9.401,9.947111,10.47594,10.81073,11.15214
"WHO","HTWT",0,"[75,75.5)",-0.3521,9.5032,0.08295,8.088095,8.317519,8.561412,8.990996,9.5032,10.05566,10.59067,10.92939,11.27481
"WHO","HTWT",0,"[75.5,76)",-0.3521,9.6041,0.08301,8.173043,8.405039,8.651671,9.086097,9.6041,10.16285,10.70398,11.04658,11.39598
"WHO","HTWT",0,"[76,76.5)",-0.3521,9.7033,0.08307,8.256526,8.491054,8.740385,9.179582,9.7033,10.26824,10.8154,11.16183,11.51515
"WHO","HTWT",0,"[76.5,77)",-0.3521,9.8007,0.08311,8.338773,8.575747,8.827684,9.27148,9.8007,10.3716,10.92455,11.27465,11.63173
"WHO","HTWT",0,"[77,77.5)",-0.3521,9.8963,0.08314,8.419636,8.658991,8.913462,9.361732,9.8963,10.47298,11.03155,11.38522,11.74594
"WHO","HTWT",0,"[77.5,78)",-0.3521,9.9902,0.08317,8.499043,8.740739,8.997703,9.450372,9.9902,10.57257,11.13666,11.49384,11.85814
"WHO","HTWT",0,"[78,78.5)",-0.3521,10.0827,0.08318,8.577574,8.821532,9.080901,9.537811,10.0827,10.67054,11.23993,11.60047,11.96819
"WHO","HTWT",0,"[78.5,79)",-0.3521,10.1741,0.08318,8.65533,8.9015,9.16322,9.624271,10.1741,10.76727,11.34182,11.70563,12.07668
"WHO","HTWT",0,"[79,79.5)",-0.3521,10.2649,0.08316,8.732905,8.981224,9.245227,9.710293,10.2649,10.86321,11.44274,11.80969,12.18395
"WHO","HTWT",0,"[79.5,80)",-0.3521,10.3558,0.08313,8.810738,9.061183,9.327443,9.796476,10.3558,10.95919,11.54361,11.91365,12.29106
"WHO","HTWT",0,"[80,80.5)",-0.3521,10.4475,0.08308,8.889597,9.142137,9.410618,9.88355,10.4475,11.05585,11.64505,12.0181,12.39858
"WHO","HTWT",0,"[80.5,81)",-0.3521,10.5405,0.08301,8.969915,9.22453,9.495209,9.971992,10.5405,11.15373,11.74761,12.12362,12.50708
"WHO","HTWT",0,"[81,81.5)",-0.3521,10.6352,0.08293,9.051873,9.308575,9.581465,10.06212,10.6352,11.25332,11.8519,12.23085,12.61731
"WHO","HTWT",0,"[81.5,82)",-0.3521,10.7322,0.08284,9.135985,9.394803,9.669929,10.15449,10.7322,11.35525,11.95856,12.34049,12.72995
"WHO","HTWT",0,"[82,82.5)",-0.3521,10.8321,0.08273,9.222944,9.483891,9.761267,10.24976,10.8321,11.46008,12.06811,12.45299,12.84545
"WHO","HTWT",0,"[82.5,83)",-0.3521,10.935,0.0826,9.312846,9.575937,9.855578,10.34802,10.935,11.56791,12.18064,12.56846,12.96389
"WHO","HTWT",0,"[83,83.5)",-0.3521,11.0415,0.08246,9.406036,9.671326,9.953286,10.44977,11.0415,11.67945,12.29698,12.6878,13.08626
"WHO","HTWT",0,"[83.5,84)",-0.3521,11.1516,0.08231,9.502522,9.770064,10.0544,10.55502,11.1516,11.7947,12.41712,12.811,13.21254
"WHO","HTWT",0,"[84,84.5)",-0.3521,11.2651,0.08215,9.602142,9.871983,10.15874,10.66357,11.2651,11.91343,12.54083,12.93781,13.34249
"WHO","HTWT",0,"[84.5,85)",-0.3521,11.3817,0.08198,9.704648,9.976826,10.26604,10.77516,11.3817,12.03533,12.66777,13.06789,13.47573
"WHO","HTWT",0,"[85,85.5)",-0.3521,11.5007,0.08181,9.809266,10.08383,10.37556,10.88904,11.5007,12.15975,12.79732,13.20064,13.61171
"WHO","HTWT",0,"[85.5,86)",-0.3521,11.6218,0.08163,9.915931,10.19289,10.48714,11.00501,11.6218,12.28626,12.92898,13.3355,13.74978
"WHO","HTWT",0,"[86,86.5)",-0.3521,11.7444,0.08145,10.02395,10.30333,10.60013,11.12243,11.7444,12.41434,13.06224,13.47199,13.88953
"WHO","HTWT",0,"[86.5,87)",-0.3521,11.8678,0.08128,10.13253,10.41437,10.71376,11.24056,11.8678,12.54331,13.1965,13.60955,14.0304
"WHO","HTWT",0,"[87,87.5)",-0.3521,11.9916,0.08111,10.24152,10.52582,10.8278,11.3591,11.9916,12.67267,13.33114,13.74748,14.17165
"WHO","HTWT",0,"[87.5,88)",-0.3521,12.1152,0.08096,10.35002,10.63682,10.94143,11.47732,12.1152,12.80197,13.46586,13.88559,14.31317
"WHO","HTWT",0,"[88,88.5)",-0.3521,12.2382,0.08082,10.45787,10.74717,11.05443,11.59491,12.2382,12.9307,13.60004,14.02317,14.45419
"WHO","HTWT",0,"[88.5,89)",-0.3521,12.3603,0.08069,10.5648,10.85661,11.16651,11.7116,12.3603,13.05854,13.73336,14.1599,14.59437
"WHO","HTWT",0,"[89,89.5)",-0.3521,12.4815,0.08058,10.67062,10.96496,11.27754,11.8273,12.4815,13.18559,13.86599,14.29604,14.73404
"WHO","HTWT",0,"[89.5,90)",-0.3521,12.6017,0.08048,10.77542,11.0723,11.38755,11.94199,12.6017,13.31166,13.99766,14.43122,14.87278
"WHO","HTWT",0,"[90,90.5)",-0.3521,12.7209,0.08041,10.87879,11.17826,11.49627,12.05551,12.7209,13.43693,14.12875,14.56597,15.01124
"WHO","HTWT",0,"[90.5,91)",-0.3521,12.8392,0.08034,10.98141,11.28346,11.60418,12.16819,12.8392,13.56123,14.25882,14.69965,15.14859
"WHO","HTWT",0,"[91,91.5)",-0.3521,12.9569,0.0803,11.08292,11.38761,11.71114,12.28006,12.9569,13.68517,14.38877,14.83338,15.28616
"WHO","HTWT",0,"[91.5,92)",-0.3521,13.0742,0.08026,11.1841,11.49143,11.81775,12.39156,13.0742,13.80869,14.51826,14.96664,15.42324
"WHO","HTWT",0,"[92,92.5)",-0.3521,13.191,0.08025,11.28423,11.59427,11.92347,12.50235,13.191,13.93195,14.64776,15.10008,15.5607
"WHO","HTWT",0,"[92.5,93)",-0.3521,13.3075,0.08025,11.38389,11.69667,12.02877,12.61276,13.3075,14.055,14.77713,15.23344,15.69813
"WHO","HTWT",0,"[93,93.5)",-0.3521,13.4239,0.08026,11.48324,11.79879,12.13384,12.723,13.4239,14.17803,14.90658,15.36695,15.83577
"WHO","HTWT",0,"[93.5,94)",-0.3521,13.5404,0.08029,11.58224,11.90063,12.23869,12.83317,13.5404,14.30137,15.03655,15.50112,15.97422
"WHO","HTWT",0,"[94,94.5)",-0.3521,13.6572,0.08034,11.68105,12.00234,12.3435,12.94344,13.6572,14.42523,15.16726,15.63618,16.11372
"WHO","HTWT",0,"[94.5,95)",-0.3521,13.7746,0.0804,11.78012,12.10437,12.44868,13.05418,13.7746,14.54984,15.29886,15.77223,16.25431
"WHO","HTWT",0,"[95,95.5)",-0.3521,13.8928,0.08047,11.87963,12.2069,12.55442,13.16559,13.8928,14.67539,15.43158,15.90949,16.39622
"WHO","HTWT",0,"[95.5,96)",-0.3521,14.012,0.08056,11.97952,12.30989,12.66072,13.27776,14.012,14.80223,15.56585,16.04848,16.54005
"WHO","HTWT",0,"[96,96.5)",-0.3521,14.1325,0.08067,12.08003,12.41361,12.76787,13.39097,14.1325,14.93065,15.70201,16.18957,16.68618
"WHO","HTWT",0,"[96.5,97)",-0.3521,14.2544,0.08078,12.18169,12.51852,12.87624,13.50549,14.2544,15.06057,15.83976,16.33231,16.83404
"WHO","HTWT",0,"[97,97.5)",-0.3521,14.3782,0.08092,12.28423,12.62446,12.98583,13.62153,14.3782,15.19284,15.9803,16.47814,16.98528
"WHO","HTWT",0,"[97.5,98)",-0.3521,14.5038,0.08106,12.38826,12.73194,13.097,13.73924,14.5038,15.32703,16.1229,16.6261,17.13875
"WHO","HTWT",0,"[98,98.5)",-0.3521,14.6316,0.08122,12.49363,12.8409,13.20979,13.85884,14.6316,15.46379,16.26843,16.77723,17.29563
"WHO","HTWT",0,"[98.5,99)",-0.3521,14.7614,0.08139,12.60041,12.95136,13.32417,13.98021,14.7614,15.60279,16.41646,16.93104,17.45536
"WHO","HTWT",0,"[99,99.5)",-0.3521,14.8934,0.08157,12.70876,13.06348,13.44033,14.10354,14.8934,15.74427,16.56723,17.08775,17.61818
"WHO","HTWT",0,"[99.5,100)",-0.3521,15.0275,0.08177,12.81834,13.17696,13.55799,14.22865,15.0275,15.88821,16.72085,17.24756,17.78436
"WHO","HTWT",0,"[100,100.5)",-0.3521,15.1637,0.08198,12.92938,13.292,13.67733,14.35561,15.1637,16.03453,16.87711,17.41019,17.95354
"WHO","HTWT",0,"[100.5,101)",-0.3521,15.3018,0.0822,13.04171,13.40842,13.79814,14.48425,15.3018,16.18301,17.03581,17.57543,18.12551
"WHO","HTWT",0,"[101,101.5)",-0.3521,15.4419,0.08243,13.1554,13.5263,13.92051,14.61464,15.4419,16.33376,17.19705,17.74339,18.3004
"WHO","HTWT",0,"[101.5,102)",-0.3521,15.5838,0.08267,13.27026,13.64546,14.04427,14.74659,15.5838,16.48658,17.36062,17.91387,18.47798
"WHO","HTWT",0,"[102,102.5)",-0.3521,15.7276,0.08292,13.38639,13.76597,14.16948,14.88021,15.7276,16.64157,17.52665,18.08698,18.65839
"WHO","HTWT",0,"[102.5,103)",-0.3521,15.8732,0.08317,13.50393,13.88796,14.29624,15.01548,15.8732,16.79852,17.69479,18.26231,18.84113
"WHO","HTWT",0,"[103,103.5)",-0.3521,16.0206,0.08343,13.62264,14.01121,14.42437,15.15231,16.0206,16.95755,17.86529,18.44018,19.0266
"WHO","HTWT",0,"[103.5,104)",-0.3521,16.1697,0.0837,13.74241,14.13562,14.55376,15.2906,16.1697,17.11855,18.03804,18.62048,19.2147
"WHO","HTWT",0,"[104,104.5)",-0.3521,16.3204,0.08397,13.86342,14.26132,14.6845,15.43035,16.3204,17.2813,18.21271,18.8028,19.40491
"WHO","HTWT",0,"[104.5,105)",-0.3521,16.4728,0.08425,13.98548,14.38817,14.8165,15.57155,16.4728,17.44604,18.38963,18.98757,19.59777
"WHO","HTWT",0,"[105,105.5)",-0.3521,16.6268,0.08453,14.10877,14.51631,14.94985,15.71422,16.6268,17.61253,18.56848,19.17436,19.79277
"WHO","HTWT",0,"[105.5,106)",-0.3521,16.7826,0.08481,14.23345,14.6459,15.08472,15.85853,16.7826,17.78099,18.74947,19.36341,19.99014
"WHO","HTWT",0,"[106,106.5)",-0.3521,16.9401,0.0851,14.35916,14.77663,15.22084,16.00429,16.9401,17.95145,18.93274,19.55494,20.19019
"WHO","HTWT",0,"[106.5,107)",-0.3521,17.0995,0.08539,14.48635,14.90889,15.35856,16.15179,17.0995,18.12398,19.11828,19.74885,20.39275
"WHO","HTWT",0,"[107,107.5)",-0.3521,17.2607,0.08568,14.61492,15.0426,15.4978,16.30093,17.2607,18.29849,19.30597,19.94503,20.5977
"WHO","HTWT",0,"[107.5,108)",-0.3521,17.4237,0.08599,14.74431,15.17728,15.63817,16.45149,17.4237,18.47523,19.49634,20.14419,20.80594
"WHO","HTWT",0,"[108,108.5)",-0.3521,17.5885,0.08629,14.87535,15.31363,15.78024,16.60381,17.5885,18.65383,19.68862,20.34528,21.01615
"WHO","HTWT",0,"[108.5,109)",-0.3521,17.7553,0.0866,15.00765,15.45136,15.92381,16.75783,17.7553,18.83476,19.88356,20.54925,21.22947
"WHO","HTWT",0,"[109,109.5)",-0.3521,17.9242,0.08691,15.14156,15.59077,16.06914,16.91378,17.9242,19.01798,20.081,20.75587,21.44557
"WHO","HTWT",0,"[109.5,110)",-0.3521,18.0954,0.08723,15.27697,15.7318,16.21622,17.07172,18.0954,19.20386,20.28146,20.96574,21.66518
"WHO","HTWT",0,"[110,110.5)",-0.3521,18.2689,0.08755,15.41415,15.87468,16.36525,17.23176,18.2689,19.39227,20.48466,21.1785,21.88782
"WHO","HTWT",1,"[45,45.5)",-0.3833,2.4607,0.09029,2.066469,2.129751,2.197295,2.316937,2.4607,2.617102,2.769874,2.867253,2.967084
"WHO","HTWT",1,"[45.5,46)",-0.3833,2.5457,0.09033,2.137691,2.203182,2.273085,2.396908,2.5457,2.707579,2.865707,2.966503,3.06984
"WHO","HTWT",1,"[46,46.5)",-0.3833,2.6306,0.09037,2.208818,2.276517,2.348778,2.47678,2.6306,2.797955,2.961438,3.065651,3.172493
"WHO","HTWT",1,"[46.5,47)",-0.3833,2.7155,0.0904,2.279978,2.34988,2.424493,2.556665,2.7155,2.888316,3.057139,3.164758,3.275093
"WHO","HTWT",1,"[47,47.5)",-0.3833,2.8007,0.09044,2.351337,2.423458,2.50044,2.636812,2.8007,2.979021,3.153227,3.264281,3.378141
"WHO","HTWT",1,"[47.5,48)",-0.3833,2.8867,0.09048,2.423357,2.497718,2.577093,2.717708,2.8867,3.070581,3.250226,3.364751,3.482171
"WHO","HTWT",1,"[48,48.5)",-0.3833,2.9741,0.09052,2.496542,2.573181,2.654989,2.799918,2.9741,3.163636,3.348812,3.466867,3.587909
"WHO","HTWT",1,"[48.5,49)",-0.3833,3.0636,0.09056,2.571479,2.650451,2.734752,2.8841,3.0636,3.25893,3.449774,3.571445,3.696198
"WHO","HTWT",1,"[49,49.5)",-0.3833,3.156,0.0906,2.648838,2.730221,2.817095,2.971008,3.156,3.357314,3.554011,3.679418,3.808005
"WHO","HTWT",1,"[49.5,50)",-0.3833,3.252,0.09064,2.729207,2.813094,2.902644,3.0613,3.252,3.459533,3.662315,3.791604,3.924175
"WHO","HTWT",1,"[50,50.5)",-0.3833,3.3518,0.09068,2.812752,2.899244,2.991576,3.155165,3.3518,3.565801,3.774909,3.908237,4.044951
"WHO","HTWT",1,"[50.5,51)",-0.3833,3.4557,0.09072,2.899726,2.98893,3.084158,3.252884,3.4557,3.676436,3.892134,4.029667,4.170696
"WHO","HTWT",1,"[51,51.5)",-0.3833,3.5636,0.09076,2.990043,3.082063,3.180301,3.354363,3.5636,3.791333,4.013876,4.155778,4.301291
"WHO","HTWT",1,"[51.5,52)",-0.3833,3.6754,0.0908,3.083618,3.178559,3.279915,3.459507,3.6754,3.910385,4.140025,4.286455,4.436616
"WHO","HTWT",1,"[52,52.5)",-0.3833,3.7911,0.09085,3.180391,3.278363,3.382958,3.568293,3.7911,4.033622,4.270637,4.421777,4.57677
"WHO","HTWT",1,"[52.5,53)",-0.3833,3.9105,0.09089,3.280312,3.381404,3.489332,3.680579,3.9105,4.160775,4.405377,4.561358,4.721321
"WHO","HTWT",1,"[53,53.5)",-0.3833,4.0332,0.09093,3.382985,3.487286,3.598641,3.795965,4.0332,4.291447,4.543848,4.704809,4.869881
"WHO","HTWT",1,"[53.5,54)",-0.3833,4.1591,0.09098,3.488262,3.595865,3.710748,3.91433,4.1591,4.425561,4.686003,4.852097,5.022438
"WHO","HTWT",1,"[54,54.5)",-0.3833,4.2875,0.09102,3.595683,3.706646,3.825119,4.035067,4.2875,4.562313,4.830929,5.00224,5.177937
"WHO","HTWT",1,"[54.5,55)",-0.3833,4.4179,0.09106,3.704765,3.819142,3.941262,4.15768,4.4179,4.701201,4.978124,5.154738,5.335877
"WHO","HTWT",1,"[55,55.5)",-0.3833,4.5498,0.0911,3.815089,3.932921,4.058733,4.281698,4.5498,4.841693,5.127025,5.309008,5.495657
"WHO","HTWT",1,"[55.5,56)",-0.3833,4.6827,0.09114,3.926234,4.04755,4.177084,4.406651,4.6827,4.983257,5.277069,5.464466,5.656672
"WHO","HTWT",1,"[56,56.5)",-0.3833,4.8162,0.09118,4.037866,4.162683,4.295958,4.532161,4.8162,5.125467,5.427805,5.620645,5.818439
"WHO","HTWT",1,"[56.5,57)",-0.3833,4.95,0.09121,4.14981,4.278128,4.415143,4.657978,4.95,5.267968,5.578821,5.777096,5.980469
"WHO","HTWT",1,"[57,57.5)",-0.3833,5.0837,0.09125,4.261578,4.393408,4.534174,4.783665,5.0837,5.410406,5.729813,5.933551,6.14253
"WHO","HTWT",1,"[57.5,58)",-0.3833,5.2173,0.09128,4.373328,4.508656,4.653161,4.909283,5.2173,5.552707,5.880629,6.089804,6.304363
"WHO","HTWT",1,"[58,58.5)",-0.3833,5.3507,0.0913,4.484981,4.623793,4.772019,5.034741,5.3507,5.694762,6.031152,6.24573,6.465836
"WHO","HTWT",1,"[58.5,59)",-0.3833,5.4834,0.09132,4.596039,4.738318,4.890248,5.159537,5.4834,5.836075,6.180893,6.400851,6.626477
"WHO","HTWT",1,"[59,59.5)",-0.3833,5.6151,0.09134,4.70625,4.851972,5.007579,5.283389,5.6151,5.976328,6.329515,6.554815,6.785923
"WHO","HTWT",1,"[59.5,60)",-0.3833,5.7454,0.09135,4.81537,4.964486,5.123718,5.405955,5.7454,6.115053,6.47648,6.707039,6.943542
"WHO","HTWT",1,"[60,60.5)",-0.3833,5.8742,0.09136,4.923229,5.075701,5.238517,5.527109,5.8742,6.252183,6.621759,6.857516,7.099354
"WHO","HTWT",1,"[60.5,61)",-0.3833,6.0014,0.09137,5.029742,5.185529,5.351886,5.646756,6.0014,6.387612,6.765237,7.006131,7.25324
"WHO","HTWT",1,"[61,61.5)",-0.3833,6.127,0.09137,5.135007,5.294055,5.463893,5.764934,6.127,6.521295,6.906823,7.152759,7.405039
"WHO","HTWT",1,"[61.5,62)",-0.3833,6.2511,0.09136,5.239112,5.401368,5.574631,5.881739,6.2511,6.653335,7.046623,7.297508,7.554862
"WHO","HTWT",1,"[62,62.5)",-0.3833,6.3738,0.09135,5.342048,5.507474,5.684122,5.997229,6.3738,6.783883,7.184842,7.440617,7.702988
"WHO","HTWT",1,"[62.5,63)",-0.3833,6.4948,0.09133,5.443665,5.612202,5.792171,6.111161,6.4948,6.912573,7.321042,7.581605,7.848883
"WHO","HTWT",1,"[63,63.5)",-0.3833,6.6144,0.09131,5.544116,5.715727,5.898977,6.223778,6.6144,7.039769,7.455657,7.720949,7.993075
"WHO","HTWT",1,"[63.5,64)",-0.3833,6.7328,0.09129,5.643569,5.818222,6.004718,6.335269,6.7328,7.165684,7.588912,7.858882,8.135803
"WHO","HTWT",1,"[64,64.5)",-0.3833,6.8501,0.09126,5.742214,5.919864,6.109558,6.445771,6.8501,7.290375,7.720817,7.995382,8.277013
"WHO","HTWT",1,"[64.5,65)",-0.3833,6.9662,0.09123,5.839864,6.020479,6.213336,6.555148,6.9662,7.413783,7.851358,8.130467,8.416754
"WHO","HTWT",1,"[65,65.5)",-0.3833,7.0812,0.09119,5.936714,6.120247,6.316217,6.663537,7.0812,7.535964,7.980543,8.264111,8.554964
"WHO","HTWT",1,"[65.5,66)",-0.3833,7.195,0.09115,6.032572,6.218991,6.418038,6.770804,7.195,7.656861,8.10836,8.396335,8.691701
"WHO","HTWT",1,"[66,66.5)",-0.3833,7.3076,0.0911,6.127553,6.316808,6.518879,6.876992,7.3076,7.77642,8.234702,8.526991,8.826775
"WHO","HTWT",1,"[66.5,67)",-0.3833,7.4189,0.09106,6.221346,6.413417,6.618491,6.981917,7.4189,7.894642,8.359674,8.656259,8.960443
"WHO","HTWT",1,"[67,67.5)",-0.3833,7.5288,0.09101,6.314096,6.508928,6.716946,7.085578,7.5288,8.011313,8.482941,8.783722,9.092201
"WHO","HTWT",1,"[67.5,68)",-0.3833,7.6375,0.09096,6.405857,6.603417,6.814342,7.188115,7.6375,8.126699,8.604839,8.909763,9.222481
"WHO","HTWT",1,"[68,68.5)",-0.3833,7.7448,0.0909,6.496582,6.696814,6.910586,7.28939,7.7448,8.24053,8.725027,9.033992,9.350843
"WHO","HTWT",1,"[68.5,69)",-0.3833,7.8509,0.09085,6.586198,6.789085,7.005688,7.389495,7.8509,8.353133,8.843963,9.156954,9.477926
"WHO","HTWT",1,"[69,69.5)",-0.3833,7.9559,0.09079,6.675032,6.880527,7.099906,7.48862,7.9559,8.464499,8.961523,9.27845,9.603447
"WHO","HTWT",1,"[69.5,70)",-0.3833,8.0599,0.09074,6.762921,6.971011,7.193158,7.586761,8.0599,8.574851,9.07806,9.398919,9.727939
"WHO","HTWT",1,"[70,70.5)",-0.3833,8.163,0.09068,6.850199,7.060842,7.285707,7.684113,8.163,8.684179,9.193444,9.518151,9.851105
"WHO","HTWT",1,"[70.5,71)",-0.3833,8.2651,0.09062,6.936657,7.149824,7.377377,7.780531,8.2651,8.792433,9.307683,9.636192,9.973033
"WHO","HTWT",1,"[71,71.5)",-0.3833,8.3666,0.09056,7.022631,7.238303,7.468525,7.876392,8.3666,8.90004,9.421228,9.753509,10.09421
"WHO","HTWT",1,"[71.5,72)",-0.3833,8.4676,0.0905,7.108205,7.326367,7.559241,7.971789,8.4676,9.007106,9.534193,9.870218,10.21474
"WHO","HTWT",1,"[72,72.5)",-0.3833,8.5679,0.09043,7.193344,7.413956,7.649438,8.066588,8.5679,9.113356,9.646221,9.985913,10.33418
"WHO","HTWT",1,"[72.5,73)",-0.3833,8.6674,0.09037,7.277698,7.500756,7.738841,8.160589,8.6674,9.218809,9.757458,10.10082,10.45285
"WHO","HTWT",1,"[73,73.5)",-0.3833,8.7661,0.09031,7.361399,7.586879,7.827544,8.253844,8.7661,9.323402,9.867777,10.21478,10.57052
"WHO","HTWT",1,"[73.5,74)",-0.3833,8.8638,0.09025,7.444278,7.672153,7.915366,8.346165,8.8638,9.426922,9.976953,10.32754,10.68695
"WHO","HTWT",1,"[74,74.5)",-0.3833,8.9601,0.09018,7.526142,7.756351,8.002049,8.437231,8.9601,9.52888,10.0844,10.43847,10.80143
"WHO","HTWT",1,"[74.5,75)",-0.3833,9.0552,0.09012,7.606876,7.839407,8.087576,8.527118,9.0552,9.629617,10.19061,10.54816,10.91467
"WHO","HTWT",1,"[75,75.5)",-0.3833,9.149,0.09005,7.68668,7.921476,8.172055,8.615846,9.149,9.728897,10.29521,10.65612,11.02607
"WHO","HTWT",1,"[75.5,76)",-0.3833,9.2418,0.08999,7.765519,8.002572,8.255554,8.703582,9.2418,9.827172,10.3988,10.76308,11.13648
"WHO","HTWT",1,"[76,76.5)",-0.3833,9.3337,0.08992,7.843766,8.08303,8.338363,8.790535,9.3337,9.924413,10.50122,10.86878,11.24553
"WHO","HTWT",1,"[76.5,77)",-0.3833,9.4252,0.08985,7.921697,8.163159,8.420829,8.87712,9.4252,10.02122,10.60317,10.97399,11.35406
"WHO","HTWT",1,"[77,77.5)",-0.3833,9.5166,0.08979,7.999415,8.24309,8.503115,8.96356,9.5166,10.11798,10.70513,11.07925,11.46269
"WHO","HTWT",1,"[77.5,78)",-0.3833,9.6086,0.08972,8.077806,8.323686,8.586055,9.050631,9.6086,10.2153,10.80761,11.18499,11.57176
"WHO","HTWT",1,"[78,78.5)",-0.3833,9.7015,0.08965,8.156974,8.405079,8.669814,9.138558,9.7015,10.31357,10.91107,11.29176,11.68189
"WHO","HTWT",1,"[78.5,79)",-0.3833,9.7957,0.08959,8.237102,8.487483,8.754641,9.227657,9.7957,10.41328,11.01613,11.40021,11.7938
"WHO","HTWT",1,"[79,79.5)",-0.3833,9.8915,0.08952,8.318749,8.571423,8.841019,9.318332,9.8915,10.51461,11.12282,11.51029,11.90735
"WHO","HTWT",1,"[79.5,80)",-0.3833,9.9892,0.08946,8.401858,8.656893,8.929001,9.410743,9.9892,10.61803,11.23178,11.62277,12.02341
"WHO","HTWT",1,"[80,80.5)",-0.3833,10.0891,0.0894,8.486836,8.744286,9.018962,9.505233,10.0891,10.72377,11.3432,11.73778,12.14209
"WHO","HTWT",1,"[80.5,81)",-0.3833,10.1916,0.08934,8.574021,8.833949,9.111262,9.602181,10.1916,10.83227,11.45752,11.85579,12.26386
"WHO","HTWT",1,"[81,81.5)",-0.3833,10.2965,0.08928,8.663244,8.925709,9.20572,9.701398,10.2965,10.94331,11.57452,11.97656,12.3885
"WHO","HTWT",1,"[81.5,82)",-0.3833,10.4041,0.08923,8.754596,9.019686,9.302492,9.803103,10.4041,11.05729,11.69469,12.10066,12.51662
"WHO","HTWT",1,"[82,82.5)",-0.3833,10.514,0.08918,8.8479,9.115672,9.401333,9.906981,10.514,11.1737,11.81743,12.22742,12.64747
"WHO","HTWT",1,"[82.5,83)",-0.3833,10.6263,0.08914,8.943074,9.21361,9.502215,10.01306,10.6263,11.29274,11.94301,12.35716,12.78146
"WHO","HTWT",1,"[83,83.5)",-0.3833,10.741,0.0891,9.040282,9.313642,9.605253,10.12141,10.741,11.41431,12.07127,12.48967,12.91832
"WHO","HTWT",1,"[83.5,84)",-0.3833,10.8578,0.08906,9.139273,9.415507,9.71018,10.23174,10.8578,11.53812,12.20189,12.62461,13.05767
"WHO","HTWT",1,"[84,84.5)",-0.3833,10.9767,0.08903,9.239873,9.519058,9.816874,10.34399,10.9767,11.66423,12.33501,12.76219,13.19981
"WHO","HTWT",1,"[84.5,85)",-0.3833,11.0974,0.089,9.341999,9.624179,9.925186,10.45794,11.0974,11.79224,12.47014,12.90185,13.3441
"WHO","HTWT",1,"[85,85.5)",-0.3833,11.2198,0.08898,9.445392,9.730633,10.0349,10.57343,11.2198,11.92214,12.60735,13.04369,13.4907
"WHO","HTWT",1,"[85.5,86)",-0.3833,11.3435,0.08897,9.549707,9.838068,10.14566,10.69007,11.3435,12.0535,12.74617,13.18727,13.63914
"WHO","HTWT",1,"[86,86.5)",-0.3833,11.4684,0.08895,9.655218,9.946702,10.25763,10.80792,11.4684,12.18605,12.88617,13.33201,13.78873
"WHO","HTWT",1,"[86.5,87)",-0.3833,11.594,0.08895,9.76096,10.05564,10.36997,10.92628,11.594,12.31951,13.0273,13.47802,13.93974
"WHO","HTWT",1,"[87,87.5)",-0.3833,11.7201,0.08895,9.867124,10.16501,10.48275,11.04512,11.7201,12.4535,13.16899,13.62461,14.09135
"WHO","HTWT",1,"[87.5,88)",-0.3833,11.8461,0.08895,9.973203,10.27429,10.59545,11.16387,11.8461,12.58739,13.31057,13.77109,14.24285
"WHO","HTWT",1,"[88,88.5)",-0.3833,11.972,0.08896,10.07901,10.38332,10.70793,11.28244,11.972,12.72125,13.45221,13.91769,14.39453
"WHO","HTWT",1,"[88.5,89)",-0.3833,12.0976,0.08898,10.18437,10.49193,10.82,11.40066,12.0976,12.85489,13.5937,14.06419,14.54617
"WHO","HTWT",1,"[89,89.5)",-0.3833,12.2229,0.089,10.28947,10.60026,10.9318,11.51859,12.2229,12.98821,13.73487,14.21035,14.69746
"WHO","HTWT",1,"[89.5,90)",-0.3833,12.3477,0.08903,10.39394,10.708,11.04301,11.63596,12.3477,13.1211,13.87566,14.3562,14.84848
"WHO","HTWT",1,"[90,90.5)",-0.3833,12.4723,0.08906,10.49824,10.81555,11.15403,11.75315,12.4723,13.25378,14.01625,14.50182,14.99928
"WHO","HTWT",1,"[90.5,91)",-0.3833,12.5965,0.08909,10.60218,10.92274,11.26469,11.86995,12.5965,13.38604,14.15639,14.647,15.14962
"WHO","HTWT",1,"[91,91.5)",-0.3833,12.7205,0.08913,10.70575,11.02957,11.37502,11.98649,12.7205,13.51818,14.29651,14.79221,15.30007
"WHO","HTWT",1,"[91.5,92)",-0.3833,12.8443,0.08918,10.80893,11.13605,11.48502,12.10274,12.8443,13.65022,14.43662,14.93748,15.45063
"WHO","HTWT",1,"[92,92.5)",-0.3833,12.9681,0.08923,10.91209,11.24251,11.59501,12.21899,12.9681,13.78226,14.57674,15.08277,15.60123
"WHO","HTWT",1,"[92.5,93)",-0.3833,13.092,0.08928,11.01532,11.34904,11.70507,12.33533,13.092,13.91442,14.717,15.2282,15.75198
"WHO","HTWT",1,"[93,93.5)",-0.3833,13.2158,0.08934,11.11823,11.45529,11.81489,12.45148,13.2158,14.04658,14.85736,15.37381,15.90298
"WHO","HTWT",1,"[93.5,94)",-0.3833,13.3399,0.08941,11.22116,11.56159,11.92481,12.56782,13.3399,14.17916,14.99828,15.52006,16.05472
"WHO","HTWT",1,"[94,94.5)",-0.3833,13.4643,0.08948,11.32432,11.66814,12.03498,12.68444,13.4643,14.31208,15.13957,15.66671,16.20688
"WHO","HTWT",1,"[94.5,95)",-0.3833,13.5892,0.08955,11.42787,11.77509,12.14557,12.80151,13.5892,14.44555,15.28144,15.81397,16.35968
"WHO","HTWT",1,"[95,95.5)",-0.3833,13.7146,0.08963,11.5316,11.88227,12.25645,12.91896,13.7146,14.57965,15.42411,15.96212,16.51348
"WHO","HTWT",1,"[95.5,96)",-0.3833,13.8408,0.08972,11.63575,11.98993,12.36787,13.03707,13.8408,14.71473,15.56792,16.11153,16.66866
"WHO","HTWT",1,"[96,96.5)",-0.3833,13.9676,0.08981,11.74037,12.09808,12.47979,13.15572,13.9676,14.85046,15.71244,16.26169,16.82461
"WHO","HTWT",1,"[96.5,97)",-0.3833,14.0953,0.0899,11.84572,12.20698,12.5925,13.27521,14.0953,14.98716,15.858,16.41294,16.98172
"WHO","HTWT",1,"[97,97.5)",-0.3833,14.2239,0.09,11.95156,12.31643,12.70583,13.39545,14.2239,15.12494,16.00483,16.56557,17.14033
"WHO","HTWT",1,"[97.5,98)",-0.3833,14.3537,0.0901,12.05836,12.42689,12.8202,13.5168,14.3537,15.26402,16.15305,16.71965,17.30046
"WHO","HTWT",1,"[98,98.5)",-0.3833,14.4848,0.09021,12.166,12.53825,12.93555,13.63927,14.4848,15.4046,16.30299,16.8756,17.4626
"WHO","HTWT",1,"[98.5,99)",-0.3833,14.6174,0.09033,12.27461,12.65066,13.05204,13.76304,14.6174,15.54691,16.45488,17.03365,17.62701
"WHO","HTWT",1,"[99,99.5)",-0.3833,14.7519,0.09044,12.38501,12.76488,13.17036,13.88867,14.7519,15.69116,16.60874,17.19368,17.79341
"WHO","HTWT",1,"[99.5,100)",-0.3833,14.8882,0.09057,12.4964,12.88022,13.28993,14.01579,14.8882,15.83756,16.76512,17.35648,17.96283
"WHO","HTWT",1,"[100,100.5)",-0.3833,15.0267,0.09069,12.60982,12.99761,13.41159,14.14506,15.0267,15.98621,16.9238,17.52161,18.13461
"WHO","HTWT",1,"[100.5,101)",-0.3833,15.1676,0.09083,12.72473,13.11663,13.53502,14.27637,15.1676,16.13767,17.0857,17.69022,18.31016
"WHO","HTWT",1,"[101,101.5)",-0.3833,15.3108,0.09096,12.84174,13.23779,13.66063,14.40992,15.3108,16.29149,17.25001,17.86129,18.48819
"WHO","HTWT",1,"[101.5,102)",-0.3833,15.4564,0.0911,12.96047,13.36076,13.78817,14.54561,15.4564,16.44801,17.41733,18.03555,18.66963
"WHO","HTWT",1,"[102,102.5)",-0.3833,15.6046,0.09125,13.08107,13.48572,13.91781,14.68363,15.6046,16.60744,17.58787,18.21325,18.85472
"WHO","HTWT",1,"[102.5,103)",-0.3833,15.7553,0.09139,13.20394,13.613,14.04981,14.82407,15.7553,16.76944,17.76106,18.39363,19.04254
"WHO","HTWT",1,"[103,103.5)",-0.3833,15.9087,0.09155,13.32851,13.74212,14.18382,14.96682,15.9087,16.93459,17.93784,18.57791,19.23456
"WHO","HTWT",1,"[103.5,104)",-0.3833,16.0645,0.0917,13.45527,13.87346,14.32009,15.11191,16.0645,17.10221,18.11715,18.76476,19.4292
"WHO","HTWT",1,"[104,104.5)",-0.3833,16.2229,0.09186,13.58388,14.00677,14.45845,15.2593,16.2229,17.27275,18.29972,18.95508,19.62753
"WHO","HTWT",1,"[104.5,105)",-0.3833,16.3837,0.09203,13.71417,14.14187,14.59872,15.40883,16.3837,17.446,18.48533,19.14865,19.82933
"WHO","HTWT",1,"[105,105.5)",-0.3833,16.547,0.09219,13.84672,14.27927,14.74134,15.56077,16.547,17.62184,18.67358,19.34491,20.03387
"WHO","HTWT",1,"[105.5,106)",-0.3833,16.7129,0.09236,13.98111,14.41863,14.88603,15.71502,16.7129,17.80061,18.86511,19.54466,20.24213
"WHO","HTWT",1,"[106,106.5)",-0.3833,16.8814,0.09254,14.11732,14.55992,15.03279,15.87158,16.8814,17.98231,19.05991,19.74792,20.45414
"WHO","HTWT",1,"[106.5,107)",-0.3833,17.0527,0.09271,14.25605,14.70378,15.18217,16.03084,17.0527,18.16692,19.25771,19.95423,20.66926
"WHO","HTWT",1,"[107,107.5)",-0.3833,17.2269,0.09289,14.39684,14.84983,15.33388,16.19268,17.2269,18.35478,19.45914,20.16441,20.8885
"WHO","HTWT",1,"[107.5,108)",-0.3833,17.4039,0.09307,14.53987,14.99821,15.48801,16.35711,17.4039,18.54568,19.66383,20.378,21.1113
"WHO","HTWT",1,"[108,108.5)",-0.3833,17.5839,0.09326,14.68504,15.14886,15.64456,16.52422,17.5839,18.73995,19.87227,20.5956,21.33837
"WHO","HTWT",1,"[108.5,109)",-0.3833,17.7668,0.09344,14.83281,15.30215,15.8038,16.69412,17.7668,18.93723,20.08383,20.81637,21.56869
"WHO","HTWT",1,"[109,109.5)",-0.3833,17.9526,0.09363,14.98261,15.45761,15.96535,16.86659,17.9526,19.13778,20.29904,21.04105,21.80317
"WHO","HTWT",1,"[109.5,110)",-0.3833,18.1412,0.09382,15.13464,15.61539,16.12932,17.04165,18.1412,19.34137,20.51753,21.26916,22.04124
"WHO","HTWT",1,"[110,110.5)",-0.3833,18.3324,0.09401,15.28873,15.77532,16.29552,17.2191,18.3324,19.54779,20.73907,21.50047,22.28267
